<?xml version="1.0" encoding="UTF-8"?>
<!DOCTYPE plist PUBLIC "-//Apple//DTD PLIST 1.0//EN" "http://www.apple.com/DTDs/PropertyList-1.0.dtd"> 
<plist version="1.0">
<dict>
<%VersionInfoPListKeys%>
<%ExtraInfoPListKeys%>
    <key>CFBundleURLTypes</key>
    <array>
		<dict>
			<key>CFBundleTypeRole</key>
			<string>Editor</string>
			<key>CFBundleURLName</key>
			<string>weixin</string>
			<key>CFBundleURLSchemes</key>
			<array>
				<string>wx8bc703a355d45e78</string>
			</array>
		</dict>
	</array>
</dict>
</plist>